object,url
blog_images%2F0e8YJB.png,https://feng-blog.oss-cn-shenzhen.aliyuncs.com/blog_images/0e8YJB.png
blog_images%2F0kzxl8.png,https://feng-blog.oss-cn-shenzhen.aliyuncs.com/blog_images/0kzxl8.png
blog_images%2F14axvw.png,https://feng-blog.oss-cn-shenzhen.aliyuncs.com/blog_images/14axvw.png
blog_images%2F1WA76x.png,https://feng-blog.oss-cn-shenzhen.aliyuncs.com/blog_images/1WA76x.png
blog_images%2F2GeXrW.png,https://feng-blog.oss-cn-shenzhen.aliyuncs.com/blog_images/2GeXrW.png
blog_images%2F2zMdgN.png,https://feng-blog.oss-cn-shenzhen.aliyuncs.com/blog_images/2zMdgN.png
blog_images%2F3nbyuN.png,https://feng-blog.oss-cn-shenzhen.aliyuncs.com/blog_images/3nbyuN.png
blog_images%2F43t5XR.png,https://feng-blog.oss-cn-shenzhen.aliyuncs.com/blog_images/43t5XR.png
blog_images%2F4AsmkY.png,https://feng-blog.oss-cn-shenzhen.aliyuncs.com/blog_images/4AsmkY.png
blog_images%2F56Xsiu.png,https://feng-blog.oss-cn-shenzhen.aliyuncs.com/blog_images/56Xsiu.png
blog_images%2F6eVL3G.png,https://feng-blog.oss-cn-shenzhen.aliyuncs.com/blog_images/6eVL3G.png
blog_images%2F771OZU.png,https://feng-blog.oss-cn-shenzhen.aliyuncs.com/blog_images/771OZU.png
blog_images%2F7SUzLA.png,https://feng-blog.oss-cn-shenzhen.aliyuncs.com/blog_images/7SUzLA.png
blog_images%2F7vAT8L.png,https://feng-blog.oss-cn-shenzhen.aliyuncs.com/blog_images/7vAT8L.png
blog_images%2F7xYuhl.png,https://feng-blog.oss-cn-shenzhen.aliyuncs.com/blog_images/7xYuhl.png
blog_images%2F80tQhK.png,https://feng-blog.oss-cn-shenzhen.aliyuncs.com/blog_images/80tQhK.png
blog_images%2F8ZhCcI.png,https://feng-blog.oss-cn-shenzhen.aliyuncs.com/blog_images/8ZhCcI.png
blog_images%2F9b8HMD.png,https://feng-blog.oss-cn-shenzhen.aliyuncs.com/blog_images/9b8HMD.png
blog_images%2FAIwiQi.png,https://feng-blog.oss-cn-shenzhen.aliyuncs.com/blog_images/AIwiQi.png
blog_images%2FBFHY7l.png,https://feng-blog.oss-cn-shenzhen.aliyuncs.com/blog_images/BFHY7l.png
blog_images%2FBiF57m.png,https://feng-blog.oss-cn-shenzhen.aliyuncs.com/blog_images/BiF57m.png
blog_images%2FDDh3G4.png,https://feng-blog.oss-cn-shenzhen.aliyuncs.com/blog_images/DDh3G4.png
blog_images%2FED4fUv.png,https://feng-blog.oss-cn-shenzhen.aliyuncs.com/blog_images/ED4fUv.png
blog_images%2FEpjOSE.png,https://feng-blog.oss-cn-shenzhen.aliyuncs.com/blog_images/EpjOSE.png
blog_images%2FFBGLyf.png,https://feng-blog.oss-cn-shenzhen.aliyuncs.com/blog_images/FBGLyf.png
blog_images%2FGV97ZZ.png,https://feng-blog.oss-cn-shenzhen.aliyuncs.com/blog_images/GV97ZZ.png
blog_images%2FH6JVsQ.png,https://feng-blog.oss-cn-shenzhen.aliyuncs.com/blog_images/H6JVsQ.png
blog_images%2FI7TEW7.png,https://feng-blog.oss-cn-shenzhen.aliyuncs.com/blog_images/I7TEW7.png
blog_images%2FIMG_3956.HEIC,https://feng-blog.oss-cn-shenzhen.aliyuncs.com/blog_images/IMG_3956.HEIC
blog_images%2FIMG_3958.HEIC,https://feng-blog.oss-cn-shenzhen.aliyuncs.com/blog_images/IMG_3958.HEIC
blog_images%2FIMG_3959.HEIC,https://feng-blog.oss-cn-shenzhen.aliyuncs.com/blog_images/IMG_3959.HEIC
blog_images%2FIMG_3963.HEIC,https://feng-blog.oss-cn-shenzhen.aliyuncs.com/blog_images/IMG_3963.HEIC
blog_images%2FIMG_3964.HEIC,https://feng-blog.oss-cn-shenzhen.aliyuncs.com/blog_images/IMG_3964.HEIC
blog_images%2FIMG_3965.HEIC,https://feng-blog.oss-cn-shenzhen.aliyuncs.com/blog_images/IMG_3965.HEIC
blog_images%2FIMG_3966.HEIC,https://feng-blog.oss-cn-shenzhen.aliyuncs.com/blog_images/IMG_3966.HEIC
blog_images%2FIYBayE.png,https://feng-blog.oss-cn-shenzhen.aliyuncs.com/blog_images/IYBayE.png
blog_images%2FJOPVFM.png,https://feng-blog.oss-cn-shenzhen.aliyuncs.com/blog_images/JOPVFM.png
blog_images%2FJhr774.png,https://feng-blog.oss-cn-shenzhen.aliyuncs.com/blog_images/Jhr774.png
blog_images%2FJzKmCD.png,https://feng-blog.oss-cn-shenzhen.aliyuncs.com/blog_images/JzKmCD.png
blog_images%2FKCfLZy.png,https://feng-blog.oss-cn-shenzhen.aliyuncs.com/blog_images/KCfLZy.png
blog_images%2FKDwqsP.png,https://feng-blog.oss-cn-shenzhen.aliyuncs.com/blog_images/KDwqsP.png
blog_images%2FKEQSgc.png,https://feng-blog.oss-cn-shenzhen.aliyuncs.com/blog_images/KEQSgc.png
blog_images%2FKThPuP.png,https://feng-blog.oss-cn-shenzhen.aliyuncs.com/blog_images/KThPuP.png
blog_images%2FLL5L5z.png,https://feng-blog.oss-cn-shenzhen.aliyuncs.com/blog_images/LL5L5z.png
blog_images%2FN4w3UX.png,https://feng-blog.oss-cn-shenzhen.aliyuncs.com/blog_images/N4w3UX.png
blog_images%2FNQoyiB.png,https://feng-blog.oss-cn-shenzhen.aliyuncs.com/blog_images/NQoyiB.png
blog_images%2FNhbXns.png,https://feng-blog.oss-cn-shenzhen.aliyuncs.com/blog_images/NhbXns.png
blog_images%2FNrtREc.png,https://feng-blog.oss-cn-shenzhen.aliyuncs.com/blog_images/NrtREc.png
blog_images%2FO9o50V.png,https://feng-blog.oss-cn-shenzhen.aliyuncs.com/blog_images/O9o50V.png
blog_images%2FOUBbI5.png,https://feng-blog.oss-cn-shenzhen.aliyuncs.com/blog_images/OUBbI5.png
blog_images%2FOzaYIT.png,https://feng-blog.oss-cn-shenzhen.aliyuncs.com/blog_images/OzaYIT.png
blog_images%2FPDLjPX.png,https://feng-blog.oss-cn-shenzhen.aliyuncs.com/blog_images/PDLjPX.png
blog_images%2FQ53RzT.png,https://feng-blog.oss-cn-shenzhen.aliyuncs.com/blog_images/Q53RzT.png
blog_images%2FQtfqng.png,https://feng-blog.oss-cn-shenzhen.aliyuncs.com/blog_images/Qtfqng.png
blog_images%2FRWKXhb.png,https://feng-blog.oss-cn-shenzhen.aliyuncs.com/blog_images/RWKXhb.png
blog_images%2FRrA2QT.png,https://feng-blog.oss-cn-shenzhen.aliyuncs.com/blog_images/RrA2QT.png
blog_images%2FSk9V5Z.png,https://feng-blog.oss-cn-shenzhen.aliyuncs.com/blog_images/Sk9V5Z.png
blog_images%2FSl4qNE.png,https://feng-blog.oss-cn-shenzhen.aliyuncs.com/blog_images/Sl4qNE.png
blog_images%2FTmZg0s.png,https://feng-blog.oss-cn-shenzhen.aliyuncs.com/blog_images/TmZg0s.png
blog_images%2FUHgMT1.png,https://feng-blog.oss-cn-shenzhen.aliyuncs.com/blog_images/UHgMT1.png
blog_images%2FUNfhPV.png,https://feng-blog.oss-cn-shenzhen.aliyuncs.com/blog_images/UNfhPV.png
blog_images%2FVepaHQ.png,https://feng-blog.oss-cn-shenzhen.aliyuncs.com/blog_images/VepaHQ.png
blog_images%2FVo7lPF.png,https://feng-blog.oss-cn-shenzhen.aliyuncs.com/blog_images/Vo7lPF.png
blog_images%2FX2FuqL.png,https://feng-blog.oss-cn-shenzhen.aliyuncs.com/blog_images/X2FuqL.png
blog_images%2FXGLt37.png,https://feng-blog.oss-cn-shenzhen.aliyuncs.com/blog_images/XGLt37.png
blog_images%2FXc0IE4.png,https://feng-blog.oss-cn-shenzhen.aliyuncs.com/blog_images/Xc0IE4.png
blog_images%2FXepCvX.png,https://feng-blog.oss-cn-shenzhen.aliyuncs.com/blog_images/XepCvX.png
blog_images%2FYP7wN7.png,https://feng-blog.oss-cn-shenzhen.aliyuncs.com/blog_images/YP7wN7.png
blog_images%2FYfAgMV.png,https://feng-blog.oss-cn-shenzhen.aliyuncs.com/blog_images/YfAgMV.png
blog_images%2FaXNYhn.png,https://feng-blog.oss-cn-shenzhen.aliyuncs.com/blog_images/aXNYhn.png
blog_images%2FasIyOt.png,https://feng-blog.oss-cn-shenzhen.aliyuncs.com/blog_images/asIyOt.png
blog_images%2FbI6jfs.png,https://feng-blog.oss-cn-shenzhen.aliyuncs.com/blog_images/bI6jfs.png
blog_images%2FbKV0J1.png,https://feng-blog.oss-cn-shenzhen.aliyuncs.com/blog_images/bKV0J1.png
blog_images%2FcTim2v.png,https://feng-blog.oss-cn-shenzhen.aliyuncs.com/blog_images/cTim2v.png
blog_images%2Fcne4Rj.png,https://feng-blog.oss-cn-shenzhen.aliyuncs.com/blog_images/cne4Rj.png
blog_images%2FdGm6o6.png,https://feng-blog.oss-cn-shenzhen.aliyuncs.com/blog_images/dGm6o6.png
blog_images%2Ff0ImrH.png,https://feng-blog.oss-cn-shenzhen.aliyuncs.com/blog_images/f0ImrH.png
blog_images%2FfT1mGb.png,https://feng-blog.oss-cn-shenzhen.aliyuncs.com/blog_images/fT1mGb.png
blog_images%2Fg6DpP6.png,https://feng-blog.oss-cn-shenzhen.aliyuncs.com/blog_images/g6DpP6.png
blog_images%2Fg8kFty.png,https://feng-blog.oss-cn-shenzhen.aliyuncs.com/blog_images/g8kFty.png
blog_images%2Fi7tQ5j.png,https://feng-blog.oss-cn-shenzhen.aliyuncs.com/blog_images/i7tQ5j.png
blog_images%2Fintbvd.png,https://feng-blog.oss-cn-shenzhen.aliyuncs.com/blog_images/intbvd.png
blog_images%2FiwvhQm.png,https://feng-blog.oss-cn-shenzhen.aliyuncs.com/blog_images/iwvhQm.png
blog_images%2Fj9LUVa.png,https://feng-blog.oss-cn-shenzhen.aliyuncs.com/blog_images/j9LUVa.png
blog_images%2FjvGK5D.png,https://feng-blog.oss-cn-shenzhen.aliyuncs.com/blog_images/jvGK5D.png
blog_images%2Fkrld92.png,https://feng-blog.oss-cn-shenzhen.aliyuncs.com/blog_images/krld92.png
blog_images%2Fl2YypC.png,https://feng-blog.oss-cn-shenzhen.aliyuncs.com/blog_images/l2YypC.png
blog_images%2Fl55Uqw.png,https://feng-blog.oss-cn-shenzhen.aliyuncs.com/blog_images/l55Uqw.png
blog_images%2FlBaLO9.png,https://feng-blog.oss-cn-shenzhen.aliyuncs.com/blog_images/lBaLO9.png
blog_images%2FlSJiZG.png,https://feng-blog.oss-cn-shenzhen.aliyuncs.com/blog_images/lSJiZG.png
blog_images%2FnZI0sv.png,https://feng-blog.oss-cn-shenzhen.aliyuncs.com/blog_images/nZI0sv.png
blog_images%2FoHUQgy.png,https://feng-blog.oss-cn-shenzhen.aliyuncs.com/blog_images/oHUQgy.png
blog_images%2FoIJv1r.png,https://feng-blog.oss-cn-shenzhen.aliyuncs.com/blog_images/oIJv1r.png
blog_images%2Focja4B.png,https://feng-blog.oss-cn-shenzhen.aliyuncs.com/blog_images/ocja4B.png
blog_images%2FotmOCJ.png,https://feng-blog.oss-cn-shenzhen.aliyuncs.com/blog_images/otmOCJ.png
blog_images%2FpLSliT.png,https://feng-blog.oss-cn-shenzhen.aliyuncs.com/blog_images/pLSliT.png
blog_images%2FqdBMDJ.png,https://feng-blog.oss-cn-shenzhen.aliyuncs.com/blog_images/qdBMDJ.png
blog_images%2Fr7HK5q.png,https://feng-blog.oss-cn-shenzhen.aliyuncs.com/blog_images/r7HK5q.png
blog_images%2Fsh2GwL.png,https://feng-blog.oss-cn-shenzhen.aliyuncs.com/blog_images/sh2GwL.png
blog_images%2FtOrRqB.png,https://feng-blog.oss-cn-shenzhen.aliyuncs.com/blog_images/tOrRqB.png
